Asset,Mean_Centrality,Maximum_Centrality,Minimum_Centrality,Rank
Ethereum_RETURN,0.9679542219344128,1.0,0.6937753179247954,1
BNB_RETURN,0.9280163282347214,1.0,0.6394548216842803,2
Bitcoin_RETURN,0.9252044784312525,1.0,0.7347205886064523,3
Solana_RETURN,0.9085567763732378,1.0,0.6925061129991154,4
LIDO_TVL_GROWTH,0.9070405514439775,1.0,0.7869555360559487,5
ETHEREUM_TVL_GROWTH,0.9014084647258479,1.0,0.6747559924324406,6
Ripple_RETURN,0.8988862151947143,1.0,0.667607339802379,7
AAVE_TVL_GROWTH,0.8714448391687712,1.0,0.6193694061759931,8
S&P500_RETURN,0.8101083288804504,1.0,0.4687400913283032,9
UNISWAP_TVL_GROWTH,0.8064085058301315,0.9786000890222026,0.6537956579091019,10
NASDAQ_RETURN,0.7978973371545375,1.0,0.3840866103512843,11
Chainlink_RETURN,0.7952334444955327,0.9565853122525084,0.6369112898022111,12
DAX_RETURN,0.7429933529338387,0.9455173576112637,0.377786921555728,13
FTSE100_RETURN,0.7215792530049968,0.9335432445114136,0.3454046493156378,14
NIFTY50_RETURN,0.6103881999571091,0.923187310055307,0.2630407691265726,15
Nikkei225_RETURN,0.5301018773095237,0.8900979900321209,0.0757928679748271,16
EUR/USD_RETURN,0.5197082038246977,0.828273711581857,0.2458663469548562,17
GBP/USD_RETURN,0.4934405662971411,0.8157323195117724,0.1903052885479695,18
Silver_RETURN,0.48637944516345516,0.7424492881988775,0.1216867011913856,19
Gold_RETURN,0.4585404570413267,0.7201552932272658,0.1167926667493096,20
Crude Oil (WTI)_RETURN,0.372326207729357,0.6992773079394355,0.1178146698741964,21
JPY/USD_RETURN,0.3692889865391002,0.7555212053334683,0.0206872282260372,22
Tether_RETURN,0.36639358762104735,0.7041861833359627,0.0563717147106228,23
Dai_RETURN,0.3568826307918902,0.6918423751780592,0.0633005037417762,24
USD Coin_RETURN,0.30753854212529225,0.630159704870604,0.0252843923573232,25
