Date,Leading_Singular_Value,Retained_Modes,Mean_Systemic_Mode_Score,Mean_Network_Strength
2021-08-03,3.611210055047825,2,0.38825203817284065,0.10784918911574776
2021-08-04,3.676620834667403,2,0.39197533094280085,0.11104676300198899
2021-08-05,3.6930760496589174,2,0.39240281101955965,0.10878982465368968
2021-08-06,3.645416521542069,2,0.3777918923544512,0.10358148195398571
2021-08-11,3.6696513906768176,2,0.38700736603078484,0.10765817743260864
2021-08-12,3.6614207974498774,2,0.3868655248102805,0.10780239974926172
2021-08-13,3.775696019917318,2,0.3945509185148783,0.11064564422701362
2021-08-17,3.7415689385309387,2,0.38352341448065586,0.10880523962481248
2021-08-18,3.7360690502115124,2,0.3818814380465335,0.11009524684039503
2021-08-24,3.6829015542224663,2,0.39992505697998815,0.11434867579250445
2021-08-25,3.6815058050813936,2,0.4032695257539211,0.11627874363975023
2021-08-26,3.7060908636507075,2,0.4063094131134464,0.11571583637884368
2021-08-27,3.8366536766332087,2,0.4138099042791717,0.12344566053184053
2021-09-01,3.8702397023486177,2,0.4159925851416977,0.1279523702445005
2021-09-02,3.8439095733593334,2,0.4184492843116127,0.12488310187388184
2021-09-03,3.8715078298324994,2,0.4190100332088463,0.12766201699675883
2021-09-08,3.861927556843808,2,0.41458118504947433,0.12663926114141072
2021-09-09,3.867769988422493,2,0.41725308124949423,0.12585625252201563
2021-09-14,3.856475767001521,2,0.4187745040008958,0.12626666597143607
2021-09-15,3.875685864053431,2,0.41593678862780487,0.12517900565152493
2021-09-16,3.9067710353215492,2,0.4219664850160574,0.12565555725246672
2021-09-17,3.964246761061548,2,0.42853124992993263,0.13057779642958053
2021-09-22,4.0643640409385755,2,0.4300958400545483,0.1312821088601605
2021-09-28,4.14945161807732,2,0.4265230480547689,0.12204837927442075
2021-09-29,4.110104863305371,2,0.4238163821717118,0.12135958592261024
2021-09-30,4.129542826751186,2,0.4255303605365508,0.12318433471954447
2021-10-01,4.1536520412927285,2,0.4074206189635355,0.12103405714044776
2021-10-05,4.178146449260473,2,0.40874348706384295,0.12273407707765518
2021-10-06,4.12474287736651,2,0.4062889893679543,0.11912241624202143
2021-10-07,4.119909929188653,2,0.40515474447950495,0.11856924602319961
2021-10-08,4.11216724762054,2,0.4027834890509145,0.11834467109630623
2021-10-12,4.10754439820633,2,0.40489695693031813,0.11887555585090905
2021-10-13,4.146230573273317,2,0.407083971852176,0.1216457828016824
2021-10-14,4.171894265382387,2,0.407589132259133,0.1281911171022785
2021-10-19,4.158764761018809,2,0.4051279671749775,0.12589086487793028
2021-10-20,4.165866602878171,2,0.40515691344483235,0.12475324269038801
2021-10-21,4.155219564466024,2,0.4164117227306705,0.12509895232678453
2021-10-22,4.04954117415856,2,0.40598331011909067,0.12148509690137144
2021-10-26,4.048032753399435,2,0.4068649898481619,0.12251387683498342
2021-10-27,4.134801132138374,2,0.40615553343099264,0.12439550775388251
2021-10-28,4.1577255461677005,2,0.413162069122515,0.12428584778833442
2021-10-29,4.079984012475191,2,0.3922951339865588,0.12145367311018242
2021-11-02,4.095371544918449,2,0.3904622911315419,0.12131770942204302
2021-11-09,4.1259948192881675,2,0.3932853358732719,0.12148426612100612
2021-11-10,4.139367461688468,2,0.39378860963197576,0.12070058057062545
2021-11-11,4.213943561342083,2,0.3965043521859237,0.12390703540326847
2021-11-12,4.229776711267863,2,0.39611570688827075,0.12422481226539003
2021-11-16,4.294560346363189,2,0.39156767224851147,0.12542069750205706
2021-11-17,4.29352200074817,2,0.3891815263760441,0.12775765272615514
2021-11-18,4.302007393079497,2,0.39003278718894707,0.12793743003501068
2021-11-30,4.327916781935396,2,0.40070379307524034,0.12927677878190522
2021-12-01,4.235663256417329,2,0.39064582092017536,0.12463052950137413
2021-12-02,4.252541536277255,2,0.3899787612412513,0.1246475000884751
2021-12-03,3.889139373854517,2,0.38761516126386075,0.12286751701295257
2021-12-07,3.963104250551267,3,0.48618168945631246,0.14150198430997238
2021-12-08,3.9976072043580935,3,0.5088495707260229,0.14251056953420602
2021-12-09,3.981783953632322,3,0.488810582014688,0.1435197292506809
2021-12-10,4.086047313332199,3,0.509694135280587,0.14625653606594385
2021-12-14,4.180235671280984,3,0.5500635967246863,0.1487105112300756
2021-12-15,4.230330460473764,3,0.5414440482456137,0.15129149805728512
2021-12-16,4.221002756843721,3,0.5490382874493414,0.1537369143420112
2021-12-17,4.251025594196439,3,0.5473138518203228,0.15548747233064264
2021-12-21,4.37460092878189,3,0.5666619482884805,0.1565116356896191
2021-12-22,4.4207256966185815,3,0.5852351783370076,0.15667232939581538
2021-12-23,4.465369185504807,3,0.5881194406189372,0.15821047865437676
2021-12-30,4.464763834326683,3,0.5846861260924429,0.15883448875238945
2022-01-05,4.527673998094721,3,0.5604434948909999,0.15997753526652808
2022-01-06,4.517665218988197,3,0.5636204639843967,0.1604848487974086
2022-01-07,4.595145648518185,3,0.5239690107810414,0.16382903464984439
2022-01-12,4.638945745893941,3,0.5367476919799404,0.1647375440040671
2022-01-13,4.648770067390877,3,0.5433666203698488,0.16696679011583335
2022-01-14,4.647752259395605,3,0.5530197125598175,0.16699837281573224
2022-01-19,4.627254832581114,3,0.5430185340263873,0.1662390844785347
2022-01-20,4.678828988862126,3,0.5460508656127481,0.16776702491589118
2022-01-21,5.003999592416339,3,0.5406781139018825,0.17789845503144447
2022-01-25,4.990299977682276,3,0.5407459934672612,0.17771087237678634
2022-01-28,4.944536223763415,3,0.5361110928144125,0.17762162468911843
2022-02-01,5.004866681077826,3,0.5439634517319121,0.17938616665932194
2022-02-02,4.977460603297902,3,0.544453480305383,0.17980172340235961
2022-02-03,4.890580651262556,3,0.5539049277112156,0.17744025200656238
2022-02-04,4.974083790486599,3,0.5638542344772212,0.18103237078575315
2022-02-08,4.948964933141575,3,0.5682691915580326,0.18109252899096331
2022-02-09,4.973876627519863,3,0.5644459467685798,0.18016509917021237
2022-02-10,4.959570896819609,3,0.5670574828859478,0.17885626577463004
2022-02-15,4.933582445914106,3,0.546279887144389,0.17637177065695148
2022-02-16,4.945789511027813,3,0.5495734901559204,0.1773254573136956
2022-02-17,5.052599782956639,3,0.5393954878430683,0.1822911303439284
2022-02-18,5.110407917068422,3,0.5380947572969005,0.18423208200769126
2022-02-25,5.110443996712401,2,0.5167887423769819,0.16571855624725423
2022-03-03,5.1580374167431655,2,0.518064262653753,0.16791200821285204
2022-03-04,5.294355191710311,2,0.5194660381200715,0.17048356295128694
2022-03-08,5.294970429889331,2,0.5214444798645524,0.16966056730762138
2022-03-09,5.401411647877299,2,0.5278410723904061,0.17075066657980506
2022-03-10,5.345987417355389,2,0.5219694723685485,0.17191394078547192
2022-03-11,5.361712032324695,2,0.520716965972226,0.17394576764084355
2022-03-15,5.362087036231448,2,0.5208167344581214,0.1736306407934119
2022-03-16,5.416869514048519,2,0.52894313243294,0.1764781898443648
2022-03-17,5.459618692718691,2,0.5489473897952518,0.18177940357637104
2022-03-23,5.480965118405504,2,0.5500163554100223,0.18240154753149354
2022-03-24,5.511744510569445,2,0.5495058584335627,0.18053562361936448
2022-03-25,5.526200467382173,2,0.5534088779455653,0.18005051361954186
2022-03-29,5.5282313296544645,2,0.554083726285279,0.1797402028711122
2022-03-30,5.54071255143197,2,0.5719396120252935,0.18271550081011562
2022-03-31,5.468319083641988,2,0.5622128675411837,0.17881780228654362
2022-04-01,5.406445926015976,2,0.543273599997531,0.18014524876957888
2022-04-05,5.423712136345178,2,0.5408571308593298,0.18031305828749192
2022-04-06,5.657993849737652,2,0.5415964105324367,0.18717193666670795
2022-04-07,5.632404557224999,2,0.5458600054905959,0.1843392126843842
2022-04-08,5.629896422630993,2,0.5401849530501035,0.1852449477444949
2022-04-12,5.571801638787842,2,0.5461912110258705,0.18052390463624238
2022-04-13,5.599835848673513,2,0.5456890105015398,0.1834100681460344
2022-04-20,5.537001563021729,2,0.5434992022124788,0.18186490807219766
2022-04-21,5.529926442172227,2,0.5583732566463785,0.18350215979748521
2022-04-22,5.487162021827517,2,0.561400794385005,0.18343514764500887
2022-04-26,5.475471168827002,2,0.5518221188455468,0.1770726489823231
2022-04-27,5.475891300055355,2,0.5661156349703533,0.1817695944393134
2022-04-28,5.549403531486331,2,0.578990184628282,0.18646781685638333
2022-05-10,5.4036714166495035,2,0.5762046599128257,0.18486367440580498
2022-05-11,5.383034223416292,2,0.5757021786752968,0.18327932505636382
2022-05-12,5.488786032660901,2,0.6420193892286697,0.18980537924041596
2022-05-13,5.4586008425758,2,0.6087827592981454,0.18989870296785236
2022-05-17,5.470133987134187,2,0.5858148305931035,0.18951800546927056
2022-05-18,5.4661043073898385,2,0.5559992334412215,0.1916634079192321
2022-05-19,5.342986726498848,2,0.5411714986201904,0.18816626346801202
2022-05-20,5.367641895618078,2,0.5583685200903775,0.19009300251011335
2022-05-24,5.326703595516661,2,0.537751520964387,0.1900107337088445
2022-05-25,5.408423630377123,2,0.5704155840689409,0.1920067498885805
2022-05-26,5.382335442102557,2,0.589859258317815,0.1916329430994646
2022-05-27,5.349252919356878,2,0.5635974839880018,0.19053682854773546
2022-06-01,5.314699245015359,2,0.5505115260164987,0.18761937220021127
2022-06-07,5.388711688729589,2,0.5641542630687907,0.18749306361744386
2022-06-08,5.343479653145622,2,0.5472324944973166,0.1887112656446554
2022-06-09,5.28197704941821,2,0.5542014124444248,0.18776484588417502
2022-06-10,5.381500557360057,2,0.5496223250799318,0.190307201360283
2022-06-14,5.259626745242428,2,0.5011875872581815,0.19344000215932255
2022-06-15,5.271315238049474,2,0.5106846329693918,0.1910766895699331
2022-06-16,5.380509206406326,2,0.4553188617586455,0.19214884778727864
2022-06-17,5.377189386403655,2,0.4222031433305954,0.19368833517088252
2022-06-22,5.380061419915588,2,0.4159438893437774,0.19373855825437553
2022-06-23,5.400459446304472,2,0.4117222769195022,0.1966833533273092
2022-06-24,5.548552184040568,2,0.4494546780853957,0.19953495927458134
2022-06-28,5.583005303634367,2,0.4438318596354695,0.20071143251107107
2022-06-29,5.605898981531569,2,0.4500028170470762,0.20132932291349379
2022-06-30,5.56209856474031,2,0.46320852565270554,0.19920255573473625
2022-07-01,5.465483355169243,2,0.44083862656323825,0.19214483257768372
2022-07-06,5.470218004664441,2,0.42373995120945407,0.19241330653872304
2022-07-07,5.550083243863394,2,0.4523872356459654,0.1928814879856348
2022-07-08,5.54570706236222,2,0.4413244602331799,0.19488410829511268
2022-07-12,5.542376229129858,2,0.4436615857424426,0.19422965179355098
2022-07-13,5.48784555434771,2,0.4337988588927223,0.19327965109157128
2022-07-14,5.482888109258613,2,0.44265391269056004,0.18750880010522147
2022-07-15,5.540636233461743,2,0.46404664919713573,0.18996453936286944
2022-07-20,5.443702449078173,2,0.45176089137483616,0.18898945671187253
2022-07-21,5.427640937755508,2,0.43722920335886095,0.18702493146382168
2022-07-22,5.3931941403602695,2,0.4261262880339046,0.1869067689369603
2022-07-26,5.413179541478136,2,0.4391170134972452,0.19000794018499434
2022-07-27,5.531671634098094,2,0.45917948783007195,0.1936983779023471
2022-07-28,5.570681055804741,2,0.47789743617739444,0.19440764800752294
2022-07-29,5.575961624950365,2,0.48685959139551643,0.1944695636664464
2022-08-02,5.518278529691971,2,0.4682171246519585,0.1935197445348742
2022-08-03,5.520770242501382,2,0.47848956972577095,0.19384083329404533
2022-08-04,5.523998741740512,2,0.48081219836773315,0.193487460447055
2022-08-05,5.523928577463045,2,0.4915902257600519,0.19378504682984457
2022-08-17,5.4897931988006725,2,0.4888685840280354,0.1932323572948122
2022-08-18,5.167080306625352,2,0.43975764434043,0.18666959899368077
2022-08-19,5.303074373781745,2,0.462198494827259,0.1854715203758143
2022-08-23,5.351456546146685,2,0.48135043400209604,0.18468931396536323
2022-08-24,5.314373073674853,2,0.4704914572931995,0.18513827706375285
2022-08-25,5.349773410674237,2,0.47638304265969905,0.18370601366831824
2022-08-26,5.441259635302988,2,0.4359187555629891,0.18301654681131913
2022-09-02,5.455836925172227,2,0.4259031593456229,0.18518886261501058
2022-09-07,5.474363137793974,2,0.39167460577383806,0.1866238602053345
2022-09-08,5.46599043003701,2,0.3975572725337586,0.18777097622275013
2022-09-09,5.502464316381414,2,0.41657487304128,0.1856976374419678
2022-09-13,5.512908155228026,2,0.42299939051838104,0.18572757522254937
2022-09-14,5.491373731628888,2,0.42044266626773996,0.18446088806037123
2022-09-15,5.424629955958153,2,0.4367052020587734,0.1813045093907866
2022-09-16,5.370927312290607,2,0.42741727563123094,0.18089989113105653
2022-09-21,5.299419611354169,2,0.4414897541807061,0.1789353953681376
2022-09-22,5.209150758604079,2,0.4422217538303579,0.18040692806674813
2022-09-27,5.138984388422045,2,0.42247766285491745,0.18155080596483894
2022-09-28,5.151154733208202,2,0.42884571309657155,0.18158224966225553
2022-09-29,5.051778446440712,2,0.3978402017788568,0.18389286941569663
2022-09-30,5.0339317930575,2,0.46835261212421825,0.1804379314951381
2022-10-04,5.271896466344507,2,0.5314136147974673,0.18894754836985325
2022-10-07,5.275710572541924,2,0.5389744604741877,0.18956608933640132
2022-10-12,5.182050923887094,2,0.5329714695050473,0.18859958330810078
2022-10-13,5.092563233859183,2,0.47575433359275815,0.18655727249652318
2022-10-14,5.066674179270515,2,0.45035445521070594,0.18449396968758036
2022-10-18,5.0240464665477695,2,0.4436333045148552,0.1848149138937043
2022-10-19,5.03602526776318,2,0.44256335356139964,0.18485163264798388
2022-10-20,5.0176967277362765,2,0.4365786502915953,0.18507205746300648
2022-10-21,5.056193246798212,2,0.4316751275317895,0.18828818485983084
2022-10-25,5.115993364767588,2,0.4429932615353555,0.18955127597297236
2022-10-28,5.145598033275772,2,0.44446121878003864,0.19052683056562641
2022-11-01,5.139556725957454,2,0.4518554214110124,0.19092227803964607
2022-11-02,5.062958671889317,2,0.4062664522178621,0.1912868857956161
2022-11-10,5.2706807246921645,2,0.45249609497998095,0.19348489701184277
2022-11-11,5.2806019233287245,2,0.473219668751293,0.1913257677326696
2022-11-15,5.258967510827917,2,0.46325182606512355,0.19196360789115646
2022-11-16,5.275717338194563,2,0.4715779215353924,0.19275794872616386
2022-11-17,5.289885323343532,2,0.47184848985911837,0.19370242127729065
2022-11-18,5.264542797668273,2,0.46500741136400947,0.192646527970344
2022-11-22,5.281241544964717,2,0.4749821502444733,0.1906601370031657
2022-11-29,5.190538407739398,2,0.4637027486497141,0.19002875068880656
2022-11-30,5.211879463485731,2,0.43935858359635044,0.1903359185405955
2022-12-01,5.16217962913911,2,0.4405264600931184,0.19039607314764784
2022-12-02,5.167592748071326,2,0.43624025901059044,0.18909130953967382
2022-12-06,5.213844334162895,2,0.4469089213671473,0.1909427221364558
2022-12-07,5.248061299070648,2,0.4448214187511539,0.1916754026075802
2022-12-08,5.2387891946441965,2,0.443400608475367,0.193401041484662
2022-12-09,5.219083842055761,2,0.44593209084326235,0.19467015249792116
2022-12-13,5.21179352969484,2,0.46894220473287995,0.19710867184227113
2022-12-14,5.242193590091138,2,0.4703888281505774,0.19791220904504986
2022-12-15,5.40145975192836,2,0.4798588871272162,0.20159737394395075
2022-12-16,5.479428721954727,3,0.5011806825447028,0.20659870955514598
2022-12-20,5.489687002869751,3,0.49812650811774417,0.20636990674407363
2022-12-21,5.5028010343077485,2,0.4948622358969933,0.19975319995687815
2022-12-22,5.544852447181215,2,0.4900761992928254,0.20145234257836794
2022-12-23,5.521070021577708,2,0.48862889722662134,0.20109692926486114
2022-12-29,5.52390147836204,2,0.487476715257785,0.20110617506762943
2022-12-30,5.522663947360128,2,0.49131221032506067,0.20138705968210566
2023-01-05,5.541040353979781,2,0.48694457804983693,0.20238935396168906
2023-01-06,5.515905389039482,2,0.4890654251189725,0.20379331423639185
2023-01-11,5.666417877377823,2,0.4778385152642868,0.21156725145236438
2023-01-12,5.6466728594169355,2,0.4889681198474859,0.21267089993252866
2023-01-13,5.621683025584417,2,0.51447297452207,0.21088769564752657
2023-01-18,5.658738875248277,2,0.5046131014917106,0.21276495012880067
2023-01-19,5.606410512327293,2,0.5036790295201566,0.211634965475418
2023-01-20,5.739822496108449,2,0.5186579483351287,0.21494199144211742
2023-01-24,5.63778581883768,2,0.49989032652114973,0.21243055382374806
2023-01-25,5.615678810673757,2,0.49338865721152514,0.21318437775557278
2023-01-31,5.571279811521122,2,0.47989827260173235,0.21073508786565726
2023-02-01,5.535538201230036,2,0.47147579124131717,0.20827770240087265
2023-02-02,5.657734007171414,2,0.47954414515431926,0.21795106022406543
2023-02-03,5.605675188194633,2,0.48473406825054366,0.2156181281560023
2023-02-07,5.579585094561581,2,0.4699955532647649,0.21483798043090468
2023-02-08,5.575130179004712,2,0.4627153258877407,0.21535574595878199
2023-02-09,5.567267644900068,2,0.459872323098918,0.21334854709294954
2023-02-10,5.614636899853201,2,0.4697748161648761,0.21486202471853474
2023-02-14,5.69482313001703,2,0.4762589865128784,0.21807103336998726
2023-02-15,5.647845533364282,2,0.4736060430670234,0.21515729738880518
2023-02-16,5.624748357263436,2,0.4557435248472943,0.2123128169638936
2023-02-17,5.530439519375532,2,0.4656247889268,0.2062633402561596
2023-02-22,5.539206188470692,2,0.48399266429213006,0.20578290014861378
2023-02-28,5.516653323213713,2,0.46013819381177024,0.20709906996530972
2023-03-01,5.389767632339079,2,0.46784991719935237,0.20322791270221818
2023-03-02,5.333883155746497,2,0.4430894482471087,0.19971083316721905
2023-03-03,5.242825510759724,2,0.4546987836562326,0.19546218365222226
2023-03-09,5.2918727246337305,2,0.4411802954785968,0.19675365242546813
2023-03-10,5.279951528129124,2,0.44449268217698334,0.19586405531227455
2023-03-14,5.2820393375804615,2,0.44570175623378744,0.194733866958431
2023-03-15,5.296732300088592,2,0.43581215381019034,0.19518505501303
2023-03-16,5.2625946162052415,2,0.43287679743283464,0.19411537721216804
2023-03-17,5.240628053312893,2,0.43065234466288116,0.1934114293209113
2023-03-23,5.137367271213785,2,0.45789688745592394,0.19256317929648692
2023-03-24,5.146355676356748,2,0.4605260673182973,0.19179455808783996
2023-03-28,5.144795136676167,2,0.46127265762234143,0.19173591303630189
2023-03-29,5.142454788645757,2,0.45631514149604124,0.19238520013024293
2023-04-06,4.87463884483826,2,0.4507456709158527,0.18684484153139072
2023-04-12,4.897091352363091,2,0.4521379694488297,0.18837170965423009
2023-04-13,4.940274638644528,2,0.4686197060563322,0.18881965572552348
2023-04-18,4.942999644866781,2,0.4553340075761047,0.18909185387028815
2023-04-19,4.934130296758923,3,0.4633814750005038,0.1917740330365064
2023-04-20,4.673305681244015,3,0.44293781920545405,0.18689953868316997
2023-04-21,4.656645776246812,3,0.44142727597698306,0.18234679623848293
2023-04-25,4.545214942444116,3,0.4332153077584974,0.17909260038377
2023-04-26,4.5833562994298145,3,0.44356669591808867,0.1777435440154426
2023-04-27,4.614384072435215,3,0.44063237388982224,0.17869952811521084
2023-04-28,4.6545927077707,2,0.4458470778187445,0.1741296243332645
2023-05-10,4.659734156645525,2,0.4477184616491482,0.175075147326246
2023-05-11,4.696238078361079,2,0.4483108194660034,0.1764931563884525
2023-05-12,4.709643003295643,2,0.4498725748732809,0.1767123742805116
2023-05-16,4.7586426316854915,2,0.44816720929184184,0.18055378703815508
2023-05-17,4.606765123821326,2,0.45650181247968413,0.17247724264190628
2023-05-18,4.586694807971298,2,0.46228153826298035,0.17133171144592638
2023-05-19,4.5932241065206485,2,0.4655690517203071,0.17171087948036437
2023-05-23,4.5784599151971035,2,0.46419126211989,0.1712271109401671
2023-05-24,4.701640298345562,2,0.4900921750080894,0.17310141623642547
2023-05-25,4.6933654903683575,2,0.4842068706458725,0.1723432546243722
2023-05-26,4.735806299002451,2,0.4909748670369805,0.17474895879003416
2023-05-31,4.789343833541577,2,0.5056549788617852,0.17680549938391088
2023-06-01,4.747666259221424,2,0.5017167366527615,0.1743623461938576
2023-06-02,4.633558591787729,2,0.4788167912219714,0.17016581539638825
2023-06-06,4.650726268031181,2,0.4843261764990176,0.17069503128565416
2023-06-07,4.728786552008601,2,0.4976487634609423,0.17177481171320552
2023-06-08,4.687097149110146,2,0.5094356750529583,0.17155138431196962
2023-06-09,4.525587546153042,2,0.5044132139740412,0.15729139435889164
2023-06-13,4.59378170000168,2,0.48205621735473403,0.15767489433359816
2023-06-14,4.555499054984291,2,0.47989465583401925,0.15708050883355887
2023-06-15,4.521982915040206,2,0.4607836853612595,0.15506444650397294
2023-06-16,4.508843770225611,2,0.46008727042981773,0.15415953192139695
2023-06-21,4.495100683886067,2,0.48420638780260306,0.15342820158242185
2023-06-22,4.448442118803994,2,0.4532064365686266,0.15251697129459718
2023-06-23,4.449762074500403,2,0.476400616828931,0.15498114319822243
2023-06-27,4.327838723361314,2,0.389017000922114,0.15163464151097136
2023-06-28,4.34749091691937,2,0.40717614507562444,0.15491191071988542
2023-07-06,4.3880751848295345,2,0.3856005179398921,0.1580213429394106
2023-07-07,4.399629334813682,2,0.410491351613708,0.1578039524113713
2023-07-11,4.384972192414475,2,0.4100334684304336,0.15873235845905578
2023-07-12,4.345810329736994,2,0.3968009167124481,0.15749814531261028
2023-07-13,3.6419755190126035,2,0.43980741011534974,0.1292683563832585
2023-07-14,3.5842183372122727,2,0.39574043973646006,0.12843835520405678
2023-07-19,3.581197776596579,2,0.39779069939761996,0.12826488797880678
2023-07-20,3.4529606513071625,2,0.39202034920921436,0.12394358691591979
2023-07-21,3.294697159995064,2,0.4430982366061377,0.11582802772655648
2023-07-25,3.273427548963166,2,0.4450322140013809,0.11554701535612982
2023-07-26,3.2768843787213275,2,0.44626985087997406,0.11507846252403135
2023-07-27,3.253117305847117,2,0.4448554656679291,0.11330160300999514
2023-07-28,3.2479552398826113,2,0.444118550822863,0.11258569907144497
2023-08-01,3.2296361886568903,2,0.44112363397388404,0.11326957400359297
2023-08-02,3.3200877793726633,2,0.42263687632423974,0.12020190958374978
2023-08-03,3.296809211052896,2,0.40695567719953346,0.11884938348513015
2023-08-04,3.273349846939433,2,0.4037674747452239,0.11917821354566209
2023-08-08,3.2178455142718163,2,0.4131679709555422,0.11677660879281664
2023-08-09,3.228141394560462,2,0.4307846084518239,0.11736969149629495
2023-08-10,3.1999328529012754,2,0.44186486712992445,0.11569202982038146
2023-08-17,3.308594385785307,2,0.3793620208064536,0.11920496429001114
2023-08-18,3.2773635225879683,2,0.37710929371079466,0.10829991532497665
2023-08-22,3.15460894233828,2,0.3952588452004018,0.10566797717864194
2023-08-23,3.1962603180816664,2,0.4051158389344399,0.10685511649127104
2023-08-24,3.200983472911229,2,0.4110435389724037,0.10538479001248029
2023-08-25,3.1642993497121905,2,0.39353852914062953,0.104808058303793
2023-08-30,3.178238699295499,2,0.40939071691511275,0.10703240072134625
2023-08-31,3.1866569982482678,2,0.41183081894016893,0.09929622112301122
2023-09-01,3.2237539425736035,2,0.4143847217155798,0.10105805317858088
2023-09-06,3.1951113762207273,2,0.4176304420366512,0.1007208225657217
2023-09-07,3.1770123662638428,2,0.4111521147591727,0.09923442304640999
2023-09-08,3.1075562524773,2,0.432467963140096,0.09807868174221218
2023-09-12,3.1321656343985302,2,0.4451130148523382,0.09898415925499068
2023-09-13,3.1103554435609726,2,0.44560616584722035,0.09785057440107758
2023-09-14,3.0926756103430697,2,0.4705574908983086,0.10043561920294648
2023-09-15,2.9827971489040914,2,0.4319903795233539,0.09933191475862378
2023-09-21,3.1260740839632146,2,0.4397291824541686,0.10606838625913495
2023-09-22,3.131561493860824,2,0.4459122085997543,0.10630359649092089
2023-09-26,3.150556639179979,2,0.46113038192531663,0.10685814822707267
2023-09-27,3.1345418582016356,2,0.45972859368969876,0.10588544057748696
2023-09-28,3.1257701260912754,2,0.45108183522937667,0.10379723155088845
2023-09-29,3.1833893736062286,2,0.44273215450630266,0.10622970708143144
2023-10-04,3.0946132984445147,2,0.4673520799892335,0.10502250334498545
2023-10-05,3.1141798775957477,2,0.47473050545503626,0.10569555665879653
2023-10-06,3.212569030418455,2,0.49310216848088473,0.10981534002460314
2023-10-11,3.148428602260346,2,0.48676595306709963,0.10732521745167482
2023-10-12,3.127451156390314,2,0.4787922031696227,0.10669923183472163
2023-10-13,3.0500985275456998,2,0.485685749015097,0.10720671705049295
2023-10-17,3.021749462411688,2,0.48807174804880143,0.10768026453945613
2023-10-18,2.9765380296889634,2,0.47828650997017313,0.10778146209950527
2023-10-19,2.948818425491055,2,0.47408713739282093,0.10749257036197105
2023-10-20,2.883658924586809,2,0.4816504110350599,0.104043059825003
2023-10-26,2.9113183241288425,2,0.4959182077283938,0.10561653279673096
2023-10-27,2.9085629917797005,2,0.49377043486665523,0.10531082363690325
2023-10-31,2.870128185539636,2,0.5008537494024581,0.10421396451474466
2023-11-01,2.8717855205985434,2,0.5016288798088389,0.10367321158317332
2023-11-02,2.755806244206083,2,0.5159095264754521,0.10251954925487985
2023-11-07,2.741406799319961,2,0.5371176806324187,0.10451461791172469
2023-11-08,2.747992929940502,2,0.5456198659757269,0.10507182041198733
2023-11-09,2.7262249093102744,2,0.5372899926395014,0.10378127589053525
2023-11-10,2.619591694935969,2,0.520024544748598,0.09856970064731171
2023-11-16,2.670330116680897,2,0.5995159084332716,0.09992011021612743
2023-11-17,2.718272387448393,2,0.635251007873222,0.10037359652577914
2023-11-21,2.7510642633529705,2,0.6230400499957225,0.10027008622643561
2023-11-22,2.8209175634369767,2,0.613643761835894,0.1017317893314696
2023-11-29,2.817226528138263,2,0.6135532246971062,0.10256401872378124
2023-11-30,2.791051991548207,2,0.5981389682888711,0.10103529907081558
2023-12-01,2.783838818497885,2,0.5873637545970252,0.1006762451827886
2023-12-05,2.7812205170951794,2,0.5856344451546582,0.10066612203081891
2023-12-06,2.781996597660133,2,0.5881268058554003,0.10123544090964931
2023-12-07,2.8210612077554114,2,0.5755829479686173,0.10225692217880114
2023-12-08,2.7319457148438486,2,0.44606996251620407,0.0996928147057556
2023-12-12,2.7242874291571697,2,0.4393964596909278,0.1001741691932657
2023-12-13,2.746846796339402,2,0.4605725287839092,0.10108803837533693
2023-12-14,2.731174428515426,2,0.38680588967486296,0.10516985185521685
2023-12-15,2.7613125263341156,2,0.40643293130677277,0.10585969549424308
2023-12-19,2.7422880610520717,2,0.36436875634903837,0.10435188707371067
2023-12-20,2.6440611177444553,2,0.3526902478839668,0.10092427784109359
2023-12-21,2.6443500315333353,2,0.4140399239864414,0.0986791965674512
2023-12-22,2.632457906644015,2,0.4440720454387773,0.09886102242388264
2023-12-28,2.7097337196764704,2,0.39448923825815996,0.10141033988714744
2023-12-29,2.7352612277230235,2,0.40608368779132575,0.10214999553407188
2024-01-05,2.698558274034475,2,0.40226295627629777,0.10169383256467579
2024-01-10,2.7120523494405893,2,0.4384504243580249,0.10117099303243994
2024-01-11,2.7725300265235693,2,0.38855391569038666,0.10115449476697189
2024-01-12,2.780547904445425,2,0.378418994660364,0.100229987960345
2024-01-17,2.7440694316148586,2,0.46539049700710355,0.10067674520002799
2024-01-18,2.7069711713771065,2,0.45979413623450194,0.09827368832354996
2024-01-19,2.702980645665638,2,0.44570271557371244,0.09841449271574898
2024-01-24,2.6728184652178197,2,0.45887694043706195,0.0974227322172827
2024-01-25,2.622640518744901,2,0.40256300026186786,0.09431694622891947
2024-01-30,2.6091139895828372,2,0.4226944015284733,0.09290795935214995
2024-01-31,2.6046523099081935,2,0.42364370074034746,0.09182872213580531
2024-02-01,2.6221548704855495,2,0.4022290044733074,0.09191043615634298
2024-02-02,3.5554200440021533,3,0.34880839551162823,0.14046853524104277
2024-02-06,3.521727651372817,3,0.36865852432711177,0.13908136662436865
2024-02-07,3.5522805228899785,2,0.3803058719953372,0.1159398390677315
2024-02-08,3.5645504294498553,2,0.382153470239005,0.11624745477191918
2024-02-09,3.61780497845206,2,0.38290962024130537,0.11688167521214755
2024-02-14,3.594148355206607,2,0.38780007946452344,0.11505586329617236
2024-02-15,3.589777941072838,3,0.39785177854021997,0.1432310100595671
2024-02-16,3.605311271627166,3,0.4000183050209158,0.1440516001754141
2024-02-21,3.5889967765459128,3,0.4012658255039161,0.1426020243413643
2024-02-22,3.574352740101743,3,0.4004225204032003,0.1414645313813519
2024-02-27,3.5616451614965876,3,0.387167234967183,0.13672662255291448
2024-02-28,3.4837615202706185,3,0.37418192594873745,0.13537814834871706
2024-02-29,3.483020466194984,3,0.37084111238654893,0.13451302537975893
2024-03-01,3.471863710957854,3,0.36538040763233653,0.138594353683763
2024-03-05,3.4574251481399925,3,0.3448776632701967,0.14052868237993557
2024-03-06,3.4510879880098115,3,0.32515648698190275,0.14145529566061255
2024-03-07,3.4415971902116502,3,0.32766360542838613,0.1384779360160011
2024-03-12,3.289255206781063,3,0.331873606636913,0.1338774712166508
2024-03-13,3.341773169259955,3,0.35061698049353024,0.13454863650798826
2024-03-14,3.2931803004335123,3,0.3405706032416213,0.13523024861887264
2024-03-15,3.3220872385341926,3,0.33326580653343063,0.13587989510725096
2024-03-19,3.2837250556497066,3,0.31448566223169727,0.13450547235370905
2024-03-22,3.2533682585100716,3,0.3382032402324269,0.13368888903806583
2024-03-27,3.237065835872,3,0.3221435368957149,0.1333897925312714
